,load,alloc,reward,sigma,event_start_time,event_end_time
1684921263.888092,50.56398010253906,1.0,0.0,0.5,1684921263.888092,1684921273.9347692
