,load,alloc,reward,sigma,event_start_time,event_end_time
1684924246.0683305,20.929338455200195,1.0,0.0,0.5,1684924246.0683305,1684924256.1020927
