,load,alloc,reward,sigma,event_start_time,event_end_time
1684924245.6449695,44.26478958129883,1.0,0.0,0.5,1684924245.6449695,1684924255.6981065
