,load,alloc,reward,sigma,event_start_time,event_end_time
1684921407.8356845,1.0,1.0,13.525880813598633,14.529247283935547,1684921407.8356845,1684921429.2021298
