,load,alloc,reward,sigma,event_start_time,event_end_time
1684921265.4604723,49.71280288696289,1.0,0.0,0.5,1684921265.4604723,1684921275.4981282
