,load,alloc,reward,sigma,event_start_time,event_end_time
1684924127.1118226,1.0,1.0,0.0,,1684924127.1118226,1684924137.1781151
