,load,alloc,reward,sigma,event_start_time,event_end_time
1684921418.120768,1.0,1.0,11.317249298095703,14.095337867736816,1684921418.120768,1684921442.9501238
