,load,alloc,reward,sigma,event_start_time,event_end_time
1684921476.9438262,45.470882415771484,1.0,0.23404255509376526,0.5,1684921476.9438262,1684921486.9942138
