,load,alloc,reward,sigma,event_start_time,event_end_time
1684921424.3073058,19.99020767211914,1.0,0.130952388048172,0.5,1684921424.3073058,1684921438.1640909
