,load,alloc,reward,sigma,event_start_time,event_end_time
1684920461.7418756,18.864604949951172,2.0,0.171171173453331,0.5,1684920461.7418756,1684920473.8810115
