,load,alloc,reward,sigma,event_start_time,event_end_time
1684924051.4691494,46.55643081665039,2.0,0.0,0.5,1684924051.4691494,1684924063.0250185
