,load,alloc,reward,sigma,event_start_time,event_end_time
1684857263.0847664,1.0,2.0,19.09237289428711,17.47191047668457,1684857263.0847664,1684857281.1024323
1684857281.4170513,1.0,2.0,12.34668254852295,17.371124267578125,1684857281.4170513,1684857309.035807
1684857338.2423995,1.0,3.0,15.73292064666748,22.370464324951172,1684857338.2423995,1684857366.0821133
1684857366.5245697,1.0,3.0,14.281049728393555,22.62737464904785,1684857366.5245697,1684857397.5446994
1684857397.8607657,1.0,3.0,12.43701171875,21.365581512451172,1684857397.8607657,1684857431.5505307
1684857431.953722,1.0,3.0,15.502686500549316,19.108274459838867,1684857431.953722,1684857456.5301075
1684857457.2431407,1.0,3.0,14.023869514465332,18.827938079833984,1684857457.2431407,1684857484.6250274
1684857484.8681326,1.0,3.0,45.80680465698242,24.727758407592773,1684857484.8681326,1684857495.3469248
1684857495.5612526,1.0,3.0,13.131823539733887,21.341758728027344,1684857495.5612526,1684857527.3923233
