,load,alloc,reward,sigma,event_start_time,event_end_time
1684857272.7741075,1.0,2.0,30.328947067260742,17.99523162841797,1684857272.7741075,1684857284.4461253
1684857285.380743,1.0,2.0,15.099588394165039,19.894702911376953,1684857285.380743,1684857311.275489
1684857340.8406384,1.0,3.0,18.657865524291992,26.73112678527832,1684857340.8406384,1684857368.818115
1684857369.2762504,1.0,3.0,17.13384246826172,28.561281204223633,1684857369.2762504,1684857401.7266479
1684857401.985393,1.0,3.0,26.511371612548828,23.165985107421875,1684857401.985393,1684857419.1101196
1684857419.6113825,1.0,3.0,15.81919002532959,24.030338287353516,1684857419.6113825,1684857449.3221316
1684857449.6630251,1.0,3.0,13.586007118225098,22.804487228393555,1684857449.6630251,1684857482.6381297
1684857483.0965464,1.0,3.0,16.24407196044922,26.084508895874023,1684857483.0965464,1684857514.5541759
1684857515.0401793,1.0,3.0,28.592761993408203,24.823415756225586,1684857515.0401793,1684857531.9675395
