,load,alloc,reward,sigma,event_start_time,event_end_time
1684921453.0724745,42.94669723510742,2.0,0.1607142835855484,0.5,1684921453.0724745,1684921466.298171
1684921466.6367285,39.022369384765625,2.0,0.1515151560306549,0.5,1684921466.6367285,1684921479.7061558
1684921479.900735,37.372840881347656,2.0,0.12068965286016464,0.5,1684921479.900735,1684921494.0821567
