,load,alloc,reward,sigma,event_start_time,event_end_time
1684921442.387869,20.09233856201172,2.0,0.19379845261573792,0.5,1684921442.387869,1684921456.6221502
1684921456.8282583,18.160018920898438,2.0,0.20000000298023224,0.5,1684921456.8282583,1684921471.8062165
1684921472.3492756,18.306943893432617,2.0,0.19117647409439087,0.5,1684921472.3492756,1684921486.6061616
