,load,alloc,reward,sigma,event_start_time,event_end_time
1684921455.5583842,41.73787307739258,2.0,0.1946902722120285,0.5,1684921455.5583842,1684921469.718186
1684921469.9595854,39.29668045043945,2.0,0.0,0.5,1684921469.9595854,1684921484.2101526
1684921484.4156282,35.97588348388672,2.0,0.0,0.5,1684921484.4156282,1684921494.4501278
