,load,alloc,reward,sigma,event_start_time,event_end_time
1684923443.7409446,37.74570846557617,1.0,0.0,0.5,1684923443.7409446,1684923453.8083138
