,load,alloc,reward,sigma,event_start_time,event_end_time
1684923351.6488435,43.06912612915039,1.0,0.0,0.5,1684923351.6488435,1684923361.6792305
