,load,alloc,reward,sigma,event_start_time,event_end_time
1684920641.551999,20.644428253173828,1.0,0.1595744639635086,0.5,1684920641.551999,1684920654.194635
