,load,alloc,reward,sigma,event_start_time,event_end_time
1684920595.5660477,1.0,1.0,13.150643348693848,15.98646354675293,1684920595.5660477,1684920619.6713316
