,load,alloc,reward,sigma,event_start_time,event_end_time
1684926304.133537,40.229217529296875,2.0,0.17886178195476532,0.5,1684926304.133537,1684926318.0786254
1684926318.3391902,42.48749923706055,2.0,0.15833333134651184,0.5,1684926318.3391902,1684926332.3668458
1684926332.565035,39.31645202636719,2.0,0.1315789520740509,0.5,1684926332.565035,1684926346.0199625
1684926347.121207,39.918113708496094,2.0,0.1964285671710968,0.5,1684926347.121207,1684926360.398388
1684926360.8157492,41.77397155761719,2.0,0.16806723177433014,0.5,1684926360.8157492,1684926373.6706443
