,load,alloc,reward,sigma,event_start_time,event_end_time
1684923949.5967908,1.0,1.0,6.15477180480957,7.201922416687012,1684923949.5967908,1684923966.9816756
