,load,alloc,reward,sigma,event_start_time,event_end_time
1684920651.6824064,1.0,1.0,16.375715255737305,14.30866813659668,1684920651.6824064,1684920669.0251598
