,load,alloc,reward,sigma,event_start_time,event_end_time
1684920615.3568957,43.171241760253906,1.0,0.1428571492433548,0.5,1684920615.3568957,1684920625.9426467
