,load,alloc,reward,sigma,event_start_time,event_end_time
1684933911.7022212,23.421524047851562,1.0,0.0,0.5,1684933911.7022212,1684933922.1626847
