,load,alloc,reward,sigma,event_start_time,event_end_time
1684927780.8405535,54.55264663696289,2.0,0.1538461595773697,0.5,1684927780.8405535,1684927799.8497133
