,load,alloc,reward,sigma,event_start_time,event_end_time
1684921445.9284663,20.038480758666992,2.0,0.20000000298023224,0.5,1684921445.9284663,1684921460.650142
1684921460.896544,17.081432342529297,2.0,0.14414414763450623,0.5,1684921460.896544,1684921475.298147
