,load,alloc,reward,sigma,event_start_time,event_end_time
1684920449.183408,1.0,1.0,19.818647384643555,11.900838851928711,1684920449.183408,1684920461.1418428
