,load,alloc,reward,sigma,event_start_time,event_end_time
1684920447.7283356,1.0,1.0,22.634557723999023,12.944048881530762,1684920447.7283356,1684920459.0826552
