,load,alloc,reward,sigma,event_start_time,event_end_time
1684920444.3339283,1.0,1.0,21.204547882080078,11.84278678894043,1684920444.3339283,1684920455.4636164
