,load,alloc,reward,sigma,event_start_time,event_end_time
1684920521.3723643,20.31635856628418,1.0,0.0,0.5,1684920521.3723643,1684920531.413534
