,load,alloc,reward,sigma,event_start_time,event_end_time
1684924051.3869803,89.45874786376953,1.0,0.0,0.5,1684924051.3869803,1684924063.4931185
