,load,alloc,reward,sigma,event_start_time,event_end_time
1684920455.432416,1.0,1.0,14.121377944946289,14.78608226776123,1684920455.432416,1684920476.1811
