,load,alloc,reward,sigma,event_start_time,event_end_time
1684920769.6067238,18.73822593688965,2.0,0.0,0.5,1684920769.6067238,1684920783.9090385
