,load,alloc,reward,sigma,event_start_time,event_end_time
1684924561.5917847,41.563411712646484,2.0,0.0,0.5,1684924561.5917847,1684924571.648707
