,load,alloc,reward,sigma,event_start_time,event_end_time
1684921269.795992,50.30492401123047,1.0,0.0,0.5,1684921269.795992,1684921279.8347704
