,load,alloc,reward,sigma,event_start_time,event_end_time
1684924124.3385344,40.17012023925781,1.0,0.0,0.5,1684924124.3385344,1684924134.3708673
