,load,alloc,reward,sigma,event_start_time,event_end_time
1684921437.6835861,1.0,1.0,14.8475980758667,15.00393295288086,1684921437.6835861,1684921457.754172
