,load,alloc,reward,sigma,event_start_time,event_end_time
1684924583.8265746,17.926259994506836,1.0,0.2195121943950653,0.5,1684924583.8265746,1684924595.8201525
1684924595.9463835,18.40882682800293,1.0,0.18918919563293457,0.5,1684924595.9463835,1684924607.5712416
1684924607.817749,18.36737632751465,1.0,0.12195122241973877,0.5,1684924607.817749,1684924619.5232863
1684924620.0014465,17.480628967285156,1.0,0.1818181872367859,0.5,1684924620.0014465,1684924632.0719507
1684924632.235986,18.039899826049805,1.0,0.20000000298023224,0.5,1684924632.235986,1684924644.8192046
1684924645.4351356,17.252534866333008,1.0,0.18367347121238708,0.5,1684924645.4351356,1684924657.60726
1684924657.811387,18.350318908691406,1.0,0.20000000298023224,0.5,1684924657.811387,1684924670.1272495
1684924670.635578,19.256399154663086,1.0,0.2195121943950653,0.5,1684924670.635578,1684924682.8912442
1684924683.1004775,18.93880844116211,1.0,0.10526315867900848,0.5,1684924683.1004775,1684924695.1392496
1684924695.3302708,18.70707130432129,1.0,0.19512194395065308,0.5,1684924695.3302708,1684924706.9836183
