,load,alloc,reward,sigma,event_start_time,event_end_time
1684924682.9144547,20.732723236083984,1.0,0.16867469251155853,0.5,1684924682.9144547,1684924696.3232088
