,load,alloc,reward,sigma,event_start_time,event_end_time
1684924698.016373,39.5246467590332,1.0,0.0,0.5,1684924698.016373,1684924708.1872416
