,load,alloc,reward,sigma,event_start_time,event_end_time
1684924680.7201226,23.29024314880371,2.0,0.0,0.5,1684924680.7201226,1684924690.7672482
