,load,alloc,reward,sigma,event_start_time,event_end_time
1684921063.3853762,38.47256851196289,1.0,0.1428571492433548,0.5,1684921063.3853762,1684921074.3022454
