,load,alloc,reward,sigma,event_start_time,event_end_time
1684921004.731917,43.236515045166016,1.0,0.17894737422466278,0.5,1684921004.731917,1684921018.8172336
